label, text
Agree,"I agree that schools should allow students to dye their hair, as long as it doesn't disrupt the learning environment."
Disagree,"I disagree that schools should allow students to dye their hair, as it may distract from academic achievement."
Agree,"I agree that students should be allowed to express themselves through their appearance, including dyeing their hair."
Disagree,"I disagree that schools should allow students to dye their hair, as it may lead to teasing or bullying from other students."
Agree,"I agree that students should have the freedom to make choices about their appearance, including dyeing their hair."
Disagree,"I disagree that schools should allow students to dye their hair, as it may be seen as a distraction to teachers."
Agree,"I agree that students should be allowed to express their individuality, and dyeing their hair can be a way to do so."
Disagree,"I disagree that schools should allow students to dye their hair, as it may create a distraction for other students in the classroom."
Agree,"I agree that schools should allow students to dye their hair, as long as it doesn't violate any school policies or dress codes."
Disagree,"I disagree that schools should allow students to dye their hair, as it may lead to a decline in the professionalism of the school."
Agree,"I agree that students should be allowed to experiment with their appearance, including dyeing their hair, as a form of self-expression."
Disagree,"I disagree that schools should allow students to dye their hair, as it may create an uneven playing field among students."
Agree,"I agree that students should be allowed to dye their hair, as long as it doesn't interfere with their learning or the learning of others."
Disagree,"I disagree that schools should allow students to dye their hair, as it may lead to unnecessary distractions in the classroom."
Agree,"I agree that students should be able to express their creativity through their appearance, including dyeing their hair."
Disagree,"I disagree that schools should allow students to dye their hair, as it may be seen as unprofessional."
Agree,"I agree that students should be allowed to express themselves, including through their appearance, as long as it doesn't harm others."
Disagree,"I disagree that schools should allow students to dye their hair, as it may lead to disruptions in the learning environment."
Agree,"I agree that students should be able to express themselves through their appearance, as it allows for individuality."
Disagree,"I disagree that schools should allow students to dye their hair, as it may be seen as a distraction in the classroom."
Agree,"I agree that schools should allow students to dye their hair, as long as it doesn't violate any safety concerns."
Disagree,"I disagree that schools should allow students to dye their hair, as it may create an unnecessary burden on school administrators to enforce policies."
Agree,"I agree that students should be allowed to express themselves through their appearance, including dyeing their hair, as a form of self-expression."
Disagree,"I disagree that schools should allow students to dye their hair, as it may lead to a decline in school unity and pride."
Agree,"I agree that students should have the freedom to make choices about their appearance, including dyeing their hair, as long as it doesn't interfere with their learning."
Disagree,"I disagree that schools should allow students to dye their hair, as it may create an unfair advantage for students who are able to afford more expensive dyeing treatments."
Agree,"I agree that students should be allowed to express themselves through their appearance, including dyeing their hair, as long as it doesn't harm others or disrupt the learning environment."
Disagree,"I disagree that schools should allow students to dye their hair, as it may lead to peer pressure for other students to conform to certain standards of appearance."
Agree,I agree that schools should allow students to dye their hair
